{
  "cap101": 796648.4375000001,
  "cap102": 854704.2000000001,
  "cap103": 893782.1125,
  "cap104": 928941.7500000001,
  "cap111": 826124.712478533,
  "cap112": 901377.2124828349,
  "cap113": 970567.7499944435,
  "cap114": 1063356.4885757272,
  "cap121": 793439.5625000001,
  "cap122": 852524.6249846701,
  "cap123": 895302.32498467,
  "cap124": 946051.32500602,
  "cap131": 793439.5625000001,
  "cap132": 851495.3250000001,
  "cap133": 893076.7125000001,
  "cap134": 928941.7500000001,
  "cap41": 1040444.3734854355,
  "cap42": 1098000.448546348,
  "cap43": 1153000.448546348,
  "cap44": 1235500.4485749,
  "cap51": 1025208.2248253389,
  "cap61": 932615.75,
  "cap62": 977799.4000000001,
  "cap63": 1014062.0500693,
  "cap64": 1045650.2500232226,
  "cap71": 932615.75,
  "cap72": 977799.4000000001,
  "cap73": 1010641.4500000002,
  "cap74": 1034976.9750000001,
  "cap81": 838499.2857200233,
  "cap82": 910889.5623092464,
  "cap83": 975889.5622791164,
  "cap84": 1069369.5248348122,
  "cap91": 796648.4375000001,
  "cap92": 855733.4999846701,
  "cap93": 896617.53750602,
  "cap94": 946051.32500602
}